id,content
T1,Citizens report longer waiting times for bread this quarter.
T2,The Ministry confirms production targets were exceeded.
T3,Our alliance with Eastasia remains strong and eternal.
T4,The historical record of the 1972 campaign has been updated.
T5,Daily morale remains high among all workers.
T6,Foreign trade agreements with allied nations continue as planned.
T7,Food supplies remain stable, according to official statements.
T8,Archived reports confirm previous shortages were exaggerated.
T9,The Ministry reminds all departments that reporting procedures remain unchanged for the upcoming quarter.
T10,Archived summaries have been aligned with current strategic understanding.